plaintext,plaintext_int,distinct_ciphertexts,max_bucket_size,collision_buckets,collision_key_pairs,empty_buckets,min_bucket_size
00000000,0,240,12,224,2296,16,1
00000001,1,238,12,222,2312,18,1
00000010,2,239,10,223,2192,17,1
00000011,3,239,12,223,2240,17,1
00000100,4,239,10,223,2280,17,1
00000101,5,239,12,223,2328,17,1
00000110,6,240,12,224,2208,16,1
00000111,7,238,12,222,2224,18,1
00001000,8,240,12,224,2296,16,1
00001001,9,238,12,222,2312,18,1
00001010,10,239,10,223,2192,17,1
00001011,11,239,12,223,2240,17,1
00001100,12,239,10,223,2280,17,1
00001101,13,239,12,223,2328,17,1
00001110,14,240,12,224,2208,16,1
00001111,15,238,12,222,2224,18,1
00010000,16,240,12,224,2296,16,1
00010001,17,238,12,222,2312,18,1
00010010,18,239,10,223,2192,17,1
00010011,19,239,12,223,2240,17,1
00010100,20,239,10,223,2280,17,1
00010101,21,239,12,223,2328,17,1
00010110,22,240,12,224,2208,16,1
00010111,23,238,12,222,2224,18,1
00011000,24,240,12,224,2296,16,1
00011001,25,238,12,222,2312,18,1
00011010,26,239,10,223,2192,17,1
00011011,27,239,12,223,2240,17,1
00011100,28,239,10,223,2280,17,1
00011101,29,239,12,223,2328,17,1
00011110,30,240,12,224,2208,16,1
00011111,31,238,12,222,2224,18,1
00100000,32,240,12,224,2296,16,1
00100001,33,238,12,222,2312,18,1
00100010,34,239,10,223,2192,17,1
00100011,35,239,12,223,2240,17,1
00100100,36,239,10,223,2280,17,1
00100101,37,239,12,223,2328,17,1
00100110,38,240,12,224,2208,16,1
00100111,39,238,12,222,2224,18,1
00101000,40,240,12,224,2296,16,1
00101001,41,238,12,222,2312,18,1
00101010,42,239,10,223,2192,17,1
00101011,43,239,12,223,2240,17,1
00101100,44,239,10,223,2280,17,1
00101101,45,239,12,223,2328,17,1
00101110,46,240,12,224,2208,16,1
00101111,47,238,12,222,2224,18,1
00110000,48,240,12,224,2296,16,1
00110001,49,238,12,222,2312,18,1
00110010,50,239,10,223,2192,17,1
00110011,51,239,12,223,2240,17,1
00110100,52,239,10,223,2280,17,1
00110101,53,239,12,223,2328,17,1
00110110,54,240,12,224,2208,16,1
00110111,55,238,12,222,2224,18,1
00111000,56,240,12,224,2296,16,1
00111001,57,238,12,222,2312,18,1
00111010,58,239,10,223,2192,17,1
00111011,59,239,12,223,2240,17,1
00111100,60,239,10,223,2280,17,1
00111101,61,239,12,223,2328,17,1
00111110,62,240,12,224,2208,16,1
00111111,63,238,12,222,2224,18,1
01000000,64,240,12,224,2208,16,1
01000001,65,238,12,222,2224,18,1
01000010,66,239,10,223,2280,17,1
01000011,67,239,12,223,2328,17,1
01000100,68,239,10,223,2192,17,1
01000101,69,239,12,223,2240,17,1
01000110,70,240,12,224,2296,16,1
01000111,71,238,12,222,2312,18,1
01001000,72,240,12,224,2208,16,1
01001001,73,238,12,222,2224,18,1
01001010,74,239,10,223,2280,17,1
01001011,75,239,12,223,2328,17,1
01001100,76,239,10,223,2192,17,1
01001101,77,239,12,223,2240,17,1
01001110,78,240,12,224,2296,16,1
01001111,79,238,12,222,2312,18,1
01010000,80,240,12,224,2208,16,1
01010001,81,238,12,222,2224,18,1
01010010,82,239,10,223,2280,17,1
01010011,83,239,12,223,2328,17,1
01010100,84,239,10,223,2192,17,1
01010101,85,239,12,223,2240,17,1
01010110,86,240,12,224,2296,16,1
01010111,87,238,12,222,2312,18,1
01011000,88,240,12,224,2208,16,1
01011001,89,238,12,222,2224,18,1
01011010,90,239,10,223,2280,17,1
01011011,91,239,12,223,2328,17,1
01011100,92,239,10,223,2192,17,1
01011101,93,239,12,223,2240,17,1
01011110,94,240,12,224,2296,16,1
01011111,95,238,12,222,2312,18,1
01100000,96,240,12,224,2208,16,1
01100001,97,238,12,222,2224,18,1
01100010,98,239,10,223,2280,17,1
01100011,99,239,12,223,2328,17,1
01100100,100,239,10,223,2192,17,1
01100101,101,239,12,223,2240,17,1
01100110,102,240,12,224,2296,16,1
01100111,103,238,12,222,2312,18,1
01101000,104,240,12,224,2208,16,1
01101001,105,238,12,222,2224,18,1
01101010,106,239,10,223,2280,17,1
01101011,107,239,12,223,2328,17,1
01101100,108,239,10,223,2192,17,1
01101101,109,239,12,223,2240,17,1
01101110,110,240,12,224,2296,16,1
01101111,111,238,12,222,2312,18,1
01110000,112,240,12,224,2208,16,1
01110001,113,238,12,222,2224,18,1
01110010,114,239,10,223,2280,17,1
01110011,115,239,12,223,2328,17,1
01110100,116,239,10,223,2192,17,1
01110101,117,239,12,223,2240,17,1
01110110,118,240,12,224,2296,16,1
01110111,119,238,12,222,2312,18,1
01111000,120,240,12,224,2208,16,1
01111001,121,238,12,222,2224,18,1
01111010,122,239,10,223,2280,17,1
01111011,123,239,12,223,2328,17,1
01111100,124,239,10,223,2192,17,1
01111101,125,239,12,223,2240,17,1
01111110,126,240,12,224,2296,16,1
01111111,127,238,12,222,2312,18,1
10000000,128,238,12,222,2312,18,1
10000001,129,240,12,224,2296,16,1
10000010,130,239,12,223,2240,17,1
10000011,131,239,10,223,2192,17,1
10000100,132,239,12,223,2328,17,1
10000101,133,239,10,223,2280,17,1
10000110,134,238,12,222,2224,18,1
10000111,135,240,12,224,2208,16,1
10001000,136,238,12,222,2312,18,1
10001001,137,240,12,224,2296,16,1
10001010,138,239,12,223,2240,17,1
10001011,139,239,10,223,2192,17,1
10001100,140,239,12,223,2328,17,1
10001101,141,239,10,223,2280,17,1
10001110,142,238,12,222,2224,18,1
10001111,143,240,12,224,2208,16,1
10010000,144,238,12,222,2312,18,1
10010001,145,240,12,224,2296,16,1
10010010,146,239,12,223,2240,17,1
10010011,147,239,10,223,2192,17,1
10010100,148,239,12,223,2328,17,1
10010101,149,239,10,223,2280,17,1
10010110,150,238,12,222,2224,18,1
10010111,151,240,12,224,2208,16,1
10011000,152,238,12,222,2312,18,1
10011001,153,240,12,224,2296,16,1
10011010,154,239,12,223,2240,17,1
10011011,155,239,10,223,2192,17,1
10011100,156,239,12,223,2328,17,1
10011101,157,239,10,223,2280,17,1
10011110,158,238,12,222,2224,18,1
10011111,159,240,12,224,2208,16,1
10100000,160,238,12,222,2312,18,1
10100001,161,240,12,224,2296,16,1
10100010,162,239,12,223,2240,17,1
10100011,163,239,10,223,2192,17,1
10100100,164,239,12,223,2328,17,1
10100101,165,239,10,223,2280,17,1
10100110,166,238,12,222,2224,18,1
10100111,167,240,12,224,2208,16,1
10101000,168,238,12,222,2312,18,1
10101001,169,240,12,224,2296,16,1
10101010,170,239,12,223,2240,17,1
10101011,171,239,10,223,2192,17,1
10101100,172,239,12,223,2328,17,1
10101101,173,239,10,223,2280,17,1
10101110,174,238,12,222,2224,18,1
10101111,175,240,12,224,2208,16,1
10110000,176,238,12,222,2312,18,1
10110001,177,240,12,224,2296,16,1
10110010,178,239,12,223,2240,17,1
10110011,179,239,10,223,2192,17,1
10110100,180,239,12,223,2328,17,1
10110101,181,239,10,223,2280,17,1
10110110,182,238,12,222,2224,18,1
10110111,183,240,12,224,2208,16,1
10111000,184,238,12,222,2312,18,1
10111001,185,240,12,224,2296,16,1
10111010,186,239,12,223,2240,17,1
10111011,187,239,10,223,2192,17,1
10111100,188,239,12,223,2328,17,1
10111101,189,239,10,223,2280,17,1
10111110,190,238,12,222,2224,18,1
10111111,191,240,12,224,2208,16,1
11000000,192,238,12,222,2224,18,1
11000001,193,240,12,224,2208,16,1
11000010,194,239,12,223,2328,17,1
11000011,195,239,10,223,2280,17,1
11000100,196,239,12,223,2240,17,1
11000101,197,239,10,223,2192,17,1
11000110,198,238,12,222,2312,18,1
11000111,199,240,12,224,2296,16,1
11001000,200,238,12,222,2224,18,1
11001001,201,240,12,224,2208,16,1
11001010,202,239,12,223,2328,17,1
11001011,203,239,10,223,2280,17,1
11001100,204,239,12,223,2240,17,1
11001101,205,239,10,223,2192,17,1
11001110,206,238,12,222,2312,18,1
11001111,207,240,12,224,2296,16,1
11010000,208,238,12,222,2224,18,1
11010001,209,240,12,224,2208,16,1
11010010,210,239,12,223,2328,17,1
11010011,211,239,10,223,2280,17,1
11010100,212,239,12,223,2240,17,1
11010101,213,239,10,223,2192,17,1
11010110,214,238,12,222,2312,18,1
11010111,215,240,12,224,2296,16,1
11011000,216,238,12,222,2224,18,1
11011001,217,240,12,224,2208,16,1
11011010,218,239,12,223,2328,17,1
11011011,219,239,10,223,2280,17,1
11011100,220,239,12,223,2240,17,1
11011101,221,239,10,223,2192,17,1
11011110,222,238,12,222,2312,18,1
11011111,223,240,12,224,2296,16,1
11100000,224,238,12,222,2224,18,1
11100001,225,240,12,224,2208,16,1
11100010,226,239,12,223,2328,17,1
11100011,227,239,10,223,2280,17,1
11100100,228,239,12,223,2240,17,1
11100101,229,239,10,223,2192,17,1
11100110,230,238,12,222,2312,18,1
11100111,231,240,12,224,2296,16,1
11101000,232,238,12,222,2224,18,1
11101001,233,240,12,224,2208,16,1
11101010,234,239,12,223,2328,17,1
11101011,235,239,10,223,2280,17,1
11101100,236,239,12,223,2240,17,1
11101101,237,239,10,223,2192,17,1
11101110,238,238,12,222,2312,18,1
11101111,239,240,12,224,2296,16,1
11110000,240,238,12,222,2224,18,1
11110001,241,240,12,224,2208,16,1
11110010,242,239,12,223,2328,17,1
11110011,243,239,10,223,2280,17,1
11110100,244,239,12,223,2240,17,1
11110101,245,239,10,223,2192,17,1
11110110,246,238,12,222,2312,18,1
11110111,247,240,12,224,2296,16,1
11111000,248,238,12,222,2224,18,1
11111001,249,240,12,224,2208,16,1
11111010,250,239,12,223,2328,17,1
11111011,251,239,10,223,2280,17,1
11111100,252,239,12,223,2240,17,1
11111101,253,239,10,223,2192,17,1
11111110,254,238,12,222,2312,18,1
11111111,255,240,12,224,2296,16,1
