schedule,key_bits,plaintext_bits,ciphertext_bits,k1_bits,k2_bits
assignment,0000000000,00000000,11110000,00000000,00000000
assignment,0000000000,00000001,10001001,00000000,00000000
assignment,0000000000,00001111,10111101,00000000,00000000
assignment,0000000000,01010101,11111011,00000000,00000000
assignment,0000000000,01111111,10010010,00000000,00000000
assignment,0000000000,10011010,11100110,00000000,00000000
assignment,0000000000,10101010,00010001,00000000,00000000
assignment,0000000000,11111111,00010100,00000000,00000000
assignment,0000000001,00000000,10110101,00000010,00000001
assignment,0000000001,00000001,01100100,00000010,00000001
assignment,0000000001,00001111,01110100,00000010,00000001
assignment,0000000001,01010101,00010010,00000010,00000001
assignment,0000000001,01111111,01011111,00000010,00000001
assignment,0000000001,10011010,01100111,00000010,00000001
assignment,0000000001,10101010,01110000,00000010,00000001
assignment,0000000001,11111111,11111001,00000010,00000001
assignment,0011111111,00000000,01101001,01111111,11111101
assignment,0011111111,00000001,01010000,01111111,11111101
assignment,0011111111,00001111,10111101,01111111,11111101
assignment,0011111111,01010101,11001010,01111111,11111101
assignment,0011111111,01111111,11111101,01111111,11111101
assignment,0011111111,10011010,10001001,01111111,11111101
assignment,0011111111,10101010,11110100,01111111,11111101
assignment,0011111111,11111111,10111011,01111111,11111101
assignment,0100000000,00000000,11110000,00000000,00000000
assignment,0100000000,00000001,10001001,00000000,00000000
assignment,0100000000,00001111,10111101,00000000,00000000
assignment,0100000000,01010101,11111011,00000000,00000000
assignment,0100000000,01111111,10010010,00000000,00000000
assignment,0100000000,10011010,11100110,00000000,00000000
assignment,0100000000,10101010,00010001,00000000,00000000
assignment,0100000000,11111111,00010100,00000000,00000000
assignment,1000000000,00000000,01000100,10000000,00000010
assignment,1000000000,00000001,01001011,10000000,00000010
assignment,1000000000,00001111,11101011,10000000,00000010
assignment,1000000000,01010101,00001011,10000000,00000010
assignment,1000000000,01111111,00010000,10000000,00000010
assignment,1000000000,10011010,10010010,10000000,00000010
assignment,1000000000,10101010,00110101,10000000,00000010
assignment,1000000000,11111111,10010110,10000000,00000010
assignment,1010000010,00000000,01101010,10100100,10010010
assignment,1010000010,00000001,01000101,10100100,10010010
assignment,1010000010,00001111,10010111,10100100,10010010
assignment,1010000010,01010101,00000101,10100100,10010010
assignment,1010000010,01111111,11001000,10100100,10010010
assignment,1010000010,10011010,11101111,10100100,10010010
assignment,1010000010,10101010,00001001,10100100,10010010
assignment,1010000010,11111111,10001110,10100100,10010010
assignment,1111111110,00000000,00000110,11111101,11111110
assignment,1111111110,00000001,00100001,11111101,11111110
assignment,1111111110,00001111,10011110,11111101,11111110
assignment,1111111110,01010101,10001111,11111101,11111110
assignment,1111111110,01111111,00101100,11111101,11111110
assignment,1111111110,10011010,11100110,11111101,11111110
assignment,1111111110,10101010,11101101,11111101,11111110
assignment,1111111110,11111111,01001010,11111101,11111110
assignment,1111111111,00000000,11101011,11111111,11111111
assignment,1111111111,00000001,10100000,11111111,11111111
assignment,1111111111,00001111,11111111,11111111,11111111
assignment,1111111111,01010101,11101110,11111111,11111111
assignment,1111111111,01111111,10001001,11111111,11111111
assignment,1111111111,10011010,00001011,11111111,11111111
assignment,1111111111,10101010,00000100,11111111,11111111
assignment,1111111111,11111111,00001111,11111111,11111111
cumulative,0000000000,00000000,11110000,00000000,00000000
cumulative,0000000000,00000001,10001001,00000000,00000000
cumulative,0000000000,00001111,10111101,00000000,00000000
cumulative,0000000000,01010101,11111011,00000000,00000000
cumulative,0000000000,01111111,10010010,00000000,00000000
cumulative,0000000000,10011010,11100110,00000000,00000000
cumulative,0000000000,10101010,00010001,00000000,00000000
cumulative,0000000000,11111111,00010100,00000000,00000000
cumulative,0000000001,00000000,10110001,00000010,00001000
cumulative,0000000001,00000001,01100000,00000010,00001000
cumulative,0000000001,00001111,01010100,00000010,00001000
cumulative,0000000001,01010101,00010010,00000010,00001000
cumulative,0000000001,01111111,01111111,00000010,00001000
cumulative,0000000001,10011010,01100111,00000010,00001000
cumulative,0000000001,10101010,01010000,00000010,00001000
cumulative,0000000001,11111111,11111001,00000010,00001000
cumulative,0011111111,00000000,01101101,01111111,11111010
cumulative,0011111111,00000001,01010000,01111111,11111010
cumulative,0011111111,00001111,10111101,01111111,11111010
cumulative,0011111111,01010101,11001010,01111111,11111010
cumulative,0011111111,01111111,11111101,01111111,11111010
cumulative,0011111111,10011010,10001101,01111111,11111010
cumulative,0011111111,10101010,11110100,01111111,11111010
cumulative,0011111111,11111111,10111011,01111111,11111010
cumulative,0100000000,00000000,11010100,00000000,00000100
cumulative,0100000000,00000001,10101001,00000000,00000100
cumulative,0100000000,00001111,10011101,00000000,00000100
cumulative,0100000000,01010101,11011011,00000000,00000100
cumulative,0100000000,01111111,10110110,00000000,00000100
cumulative,0100000000,10011010,11000110,00000000,00000100
cumulative,0100000000,10101010,00110001,00000000,00000100
cumulative,0100000000,11111111,00110000,00000000,00000100
cumulative,1000000000,00000000,01100000,10000000,00000001
cumulative,1000000000,00000001,01101011,10000000,00000001
cumulative,1000000000,00001111,11001011,10000000,00000001
cumulative,1000000000,01010101,00101011,10000000,00000001
cumulative,1000000000,01111111,00110100,10000000,00000001
cumulative,1000000000,10011010,10110110,10000000,00000001
cumulative,1000000000,10101010,00010101,10000000,00000001
cumulative,1000000000,11111111,10110010,10000000,00000001
cumulative,1010000010,00000000,00001110,10100100,01000011
cumulative,1010000010,00000001,10000001,10100100,01000011
cumulative,1010000010,00001111,00010011,10100100,01000011
cumulative,1010000010,01010101,11000001,10100100,01000011
cumulative,1010000010,01111111,10101100,10100100,01000011
cumulative,1010000010,10011010,01101011,10100100,01000011
cumulative,1010000010,10101010,10001101,10100100,01000011
cumulative,1010000010,11111111,11101010,10100100,01000011
cumulative,1111111110,00000000,00000110,11111101,11110111
cumulative,1111111110,00000001,00100001,11111101,11110111
cumulative,1111111110,00001111,10111110,11111101,11110111
cumulative,1111111110,01010101,10101111,11111101,11110111
cumulative,1111111110,01111111,00001000,11111101,11110111
cumulative,1111111110,10011010,11100110,11111101,11110111
cumulative,1111111110,10101010,11101101,11111101,11110111
cumulative,1111111110,11111111,01001110,11111101,11110111
cumulative,1111111111,00000000,11101011,11111111,11111111
cumulative,1111111111,00000001,10100000,11111111,11111111
cumulative,1111111111,00001111,11111111,11111111,11111111
cumulative,1111111111,01010101,11101110,11111111,11111111
cumulative,1111111111,01111111,10001001,11111111,11111111
cumulative,1111111111,10011010,00001011,11111111,11111111
cumulative,1111111111,10101010,00000100,11111111,11111111
cumulative,1111111111,11111111,00001111,11111111,11111111
